timestamp,open,high,low,close,volume,datetime,symbol,exchange,timeframe
1760835600000,106898.03,106988.81,106734.17,106973.26,184.14483,2025-10-19 01:00:00,BTC/USDT,binance,1h
1760835600000,3869.17,3876.63,3855.7,3874.0,6746.7079,2025-10-19 01:00:00,ETH/USDT,binance,1h
1760835600000,185.76,185.88,184.88,185.86,45838.077,2025-10-19 01:00:00,SOL/USDT,binance,1h
1760839200000,106973.27,107000.0,106805.05,106847.02,121.85742,2025-10-19 02:00:00,BTC/USDT,binance,1h
1760839200000,3874.0,3875.69,3865.15,3872.95,4146.0375,2025-10-19 02:00:00,ETH/USDT,binance,1h
1760839200000,185.86,185.96,185.23,185.77,39467.282,2025-10-19 02:00:00,SOL/USDT,binance,1h
1760842800000,106847.03,107367.16,106802.32,107275.78,358.14644,2025-10-19 03:00:00,BTC/USDT,binance,1h
1760842800000,3872.96,3906.57,3868.51,3906.29,12776.0303,2025-10-19 03:00:00,ETH/USDT,binance,1h
1760842800000,185.77,187.14,184.96,187.04,82231.347,2025-10-19 03:00:00,SOL/USDT,binance,1h
1760846400000,107275.79,107290.0,106949.9,107046.9,256.58858,2025-10-19 04:00:00,BTC/USDT,binance,1h
1760846400000,3906.3,3908.17,3891.6,3903.27,13818.0513,2025-10-19 04:00:00,ETH/USDT,binance,1h
1760846400000,187.03,187.14,186.38,186.83,57556.399,2025-10-19 04:00:00,SOL/USDT,binance,1h
1760850000000,107046.89,107180.0,106794.23,106888.59,516.95583,2025-10-19 05:00:00,BTC/USDT,binance,1h
1760850000000,3903.26,3921.61,3894.5,3897.21,16046.6464,2025-10-19 05:00:00,ETH/USDT,binance,1h
1760850000000,186.84,187.69,186.32,186.56,48960.476,2025-10-19 05:00:00,SOL/USDT,binance,1h
1760853600000,106888.6,106909.98,106558.61,106777.75,315.62124,2025-10-19 06:00:00,BTC/USDT,binance,1h
1760853600000,3897.22,3901.13,3873.91,3881.48,10901.8292,2025-10-19 06:00:00,ETH/USDT,binance,1h
1760853600000,186.56,186.92,185.19,185.57,41285.457,2025-10-19 06:00:00,SOL/USDT,binance,1h
1760857200000,106777.75,106912.08,106702.0,106786.0,158.03024,2025-10-19 07:00:00,BTC/USDT,binance,1h
1760857200000,3881.48,3893.51,3877.86,3888.01,8195.5779,2025-10-19 07:00:00,ETH/USDT,binance,1h
1760857200000,185.57,186.14,185.24,185.9,32002.055,2025-10-19 07:00:00,SOL/USDT,binance,1h
1760860800000,106786.0,107203.29,106278.74,106443.95,969.35569,2025-10-19 08:00:00,BTC/USDT,binance,1h
1760860800000,3888.01,3955.6,3827.04,3863.3,45203.8308,2025-10-19 08:00:00,ETH/USDT,binance,1h
1760860800000,185.89,187.5,183.81,184.17,192827.686,2025-10-19 08:00:00,SOL/USDT,binance,1h
1760864400000,106443.96,108213.04,106103.36,107401.47,2187.761,2025-10-19 09:00:00,BTC/USDT,binance,1h
1760864400000,3863.29,3930.0,3849.56,3912.81,28512.9491,2025-10-19 09:00:00,ETH/USDT,binance,1h
1760864400000,184.16,188.64,183.19,187.2,274956.355,2025-10-19 09:00:00,SOL/USDT,binance,1h
1760868000000,107401.47,107887.99,106999.57,107882.71,889.9682,2025-10-19 10:00:00,BTC/USDT,binance,1h
1760868000000,3912.85,3949.97,3898.73,3930.92,25108.1273,2025-10-19 10:00:00,ETH/USDT,binance,1h
1760868000000,187.19,189.96,186.71,189.07,206976.556,2025-10-19 10:00:00,SOL/USDT,binance,1h
1760871600000,107882.71,108260.5,107633.05,107783.47,1012.47378,2025-10-19 11:00:00,BTC/USDT,binance,1h
1760871600000,3930.91,3951.34,3915.24,3923.82,17132.805,2025-10-19 11:00:00,ETH/USDT,binance,1h
1760871600000,189.06,190.05,188.6,188.99,130114.116,2025-10-19 11:00:00,SOL/USDT,binance,1h
1760875200000,107783.47,107859.42,107421.9,107631.43,816.5887,2025-10-19 12:00:00,BTC/USDT,binance,1h
1760875200000,3923.82,3930.35,3908.17,3923.13,8713.5592,2025-10-19 12:00:00,ETH/USDT,binance,1h
1760875200000,189.0,189.39,188.11,188.89,69475.224,2025-10-19 12:00:00,SOL/USDT,binance,1h
1760878800000,107631.43,108227.44,107355.02,108096.34,912.20232,2025-10-19 13:00:00,BTC/USDT,binance,1h
1760878800000,3923.14,3988.61,3913.96,3972.23,28933.123,2025-10-19 13:00:00,ETH/USDT,binance,1h
1760878800000,188.89,191.0,188.32,190.6,168619.925,2025-10-19 13:00:00,SOL/USDT,binance,1h
1760882400000,108096.33,108508.0,107887.28,108405.47,1356.8762,2025-10-19 14:00:00,BTC/USDT,binance,1h
1760882400000,3972.23,4002.08,3955.0,3989.31,34381.7063,2025-10-19 14:00:00,ETH/USDT,binance,1h
1760882400000,190.6,191.7,189.79,191.55,201287.867,2025-10-19 14:00:00,SOL/USDT,binance,1h
1760886000000,108405.47,108621.68,108328.25,108486.7,550.80586,2025-10-19 15:00:00,BTC/USDT,binance,1h
1760886000000,3989.31,3992.85,3972.94,3978.65,19679.304,2025-10-19 15:00:00,ETH/USDT,binance,1h
1760886000000,191.55,191.68,190.23,190.78,111265.994,2025-10-19 15:00:00,SOL/USDT,binance,1h
1760889600000,108486.71,108988.27,108240.0,108624.19,746.0028,2025-10-19 16:00:00,BTC/USDT,binance,1h
1760889600000,3978.65,3988.41,3958.71,3981.01,20369.1529,2025-10-19 16:00:00,ETH/USDT,binance,1h
1760889600000,190.77,191.61,189.97,190.87,102648.053,2025-10-19 16:00:00,SOL/USDT,binance,1h
1760893200000,108624.19,109437.43,108615.2,109113.52,842.94186,2025-10-19 17:00:00,BTC/USDT,binance,1h
1760893200000,3981.01,4026.95,3980.45,3993.66,27703.5549,2025-10-19 17:00:00,ETH/USDT,binance,1h
1760893200000,190.88,192.29,189.73,190.03,135935.746,2025-10-19 17:00:00,SOL/USDT,binance,1h
1760896800000,109113.53,109450.07,109037.5,109383.01,390.21394,2025-10-19 18:00:00,BTC/USDT,binance,1h
1760896800000,3993.66,4005.63,3986.43,4001.51,8635.7244,2025-10-19 18:00:00,ETH/USDT,binance,1h
1760896800000,190.03,190.38,189.18,189.94,99781.547,2025-10-19 18:00:00,SOL/USDT,binance,1h
1760900400000,109383.0,109383.01,108800.57,108908.43,451.40437,2025-10-19 19:00:00,BTC/USDT,binance,1h
1760900400000,4001.52,4005.0,3979.01,3985.75,13943.5566,2025-10-19 19:00:00,ETH/USDT,binance,1h
1760900400000,189.93,189.95,188.33,188.88,78346.53,2025-10-19 19:00:00,SOL/USDT,binance,1h
1760904000000,108908.43,108984.9,108810.17,108845.06,661.43199,2025-10-19 20:00:00,BTC/USDT,binance,1h
1760904000000,3985.75,4003.77,3974.65,4001.13,9093.6651,2025-10-19 20:00:00,ETH/USDT,binance,1h
1760904000000,188.88,189.89,188.64,189.67,45672.476,2025-10-19 20:00:00,SOL/USDT,binance,1h
1760907600000,108845.07,108869.87,108620.0,108744.82,272.94763,2025-10-19 21:00:00,BTC/USDT,binance,1h
1760907600000,4001.13,4003.99,3984.84,3997.5,5130.7168,2025-10-19 21:00:00,ETH/USDT,binance,1h
1760907600000,189.67,189.83,188.37,189.29,76468.788,2025-10-19 21:00:00,SOL/USDT,binance,1h
1760911200000,108744.83,109370.99,108744.83,109146.8,673.56143,2025-10-19 22:00:00,BTC/USDT,binance,1h
1760911200000,3997.5,4030.94,3988.73,4020.76,10673.2473,2025-10-19 22:00:00,ETH/USDT,binance,1h
1760911200000,189.3,190.16,188.92,189.83,64342.162,2025-10-19 22:00:00,SOL/USDT,binance,1h
1760914800000,109146.8,109146.8,108471.1,108642.78,440.82047,2025-10-19 23:00:00,BTC/USDT,binance,1h
1760914800000,4020.76,4020.76,3970.0,3982.58,15879.35,2025-10-19 23:00:00,ETH/USDT,binance,1h
1760914800000,189.83,189.83,186.83,187.86,106408.873,2025-10-19 23:00:00,SOL/USDT,binance,1h
1760918400000,108642.77,108642.77,107402.52,108047.46,1198.8653,2025-10-20 00:00:00,BTC/USDT,binance,1h
1760918400000,3982.58,3982.58,3908.73,3941.76,32516.4018,2025-10-20 00:00:00,ETH/USDT,binance,1h
1760918400000,187.86,187.86,183.82,185.62,185598.794,2025-10-20 00:00:00,SOL/USDT,binance,1h
1760922000000,108047.46,108276.04,107894.0,108053.58,602.84285,2025-10-20 01:00:00,BTC/USDT,binance,1h
1760922000000,3941.75,3954.42,3930.37,3938.21,13143.8274,2025-10-20 01:00:00,ETH/USDT,binance,1h
1760922000000,185.62,186.34,184.97,185.65,87431.708,2025-10-20 01:00:00,SOL/USDT,binance,1h
1760925600000,108053.57,108970.51,107854.71,108767.02,605.86943,2025-10-20 02:00:00,BTC/USDT,binance,1h
1760925600000,3938.22,3966.49,3919.21,3956.54,13677.6742,2025-10-20 02:00:00,ETH/USDT,binance,1h
1760925600000,185.65,187.33,183.94,186.89,164675.448,2025-10-20 02:00:00,SOL/USDT,binance,1h
1760929200000,108767.03,110427.86,108571.59,110145.44,1275.9775,2025-10-20 03:00:00,BTC/USDT,binance,1h
1760929200000,3956.55,4038.88,3948.08,4026.9,20232.3147,2025-10-20 03:00:00,ETH/USDT,binance,1h
1760929200000,186.89,191.75,185.9,191.21,305625.921,2025-10-20 03:00:00,SOL/USDT,binance,1h
1760932800000,110145.45,110535.13,109951.96,110422.1,865.34314,2025-10-20 04:00:00,BTC/USDT,binance,1h
1760932800000,4026.9,4055.76,4023.07,4054.4,21525.3751,2025-10-20 04:00:00,ETH/USDT,binance,1h
1760932800000,191.21,192.47,190.6,192.17,163452.44,2025-10-20 04:00:00,SOL/USDT,binance,1h
1760936400000,110422.1,111111.0,110291.27,111033.79,991.81207,2025-10-20 05:00:00,BTC/USDT,binance,1h
1760936400000,4054.41,4075.9,4041.8,4061.11,37591.7893,2025-10-20 05:00:00,ETH/USDT,binance,1h
1760936400000,192.18,193.4,191.62,193.01,152759.036,2025-10-20 05:00:00,SOL/USDT,binance,1h
1760940000000,111033.79,111377.34,111001.91,111298.55,1196.86696,2025-10-20 06:00:00,BTC/USDT,binance,1h
1760940000000,4061.12,4085.3,4057.29,4075.0,25218.8661,2025-10-20 06:00:00,ETH/USDT,binance,1h
1760940000000,193.01,194.42,192.78,193.94,135414.885,2025-10-20 06:00:00,SOL/USDT,binance,1h
1760943600000,111298.55,111445.67,111050.78,111169.92,913.95455,2025-10-20 07:00:00,BTC/USDT,binance,1h
1760943600000,4075.01,4076.99,4051.58,4055.03,17922.7677,2025-10-20 07:00:00,ETH/USDT,binance,1h
1760943600000,193.93,194.5,192.76,193.02,112596.368,2025-10-20 07:00:00,SOL/USDT,binance,1h
1760947200000,111169.91,111679.25,110943.4,111097.15,925.77025,2025-10-20 08:00:00,BTC/USDT,binance,1h
1760947200000,4055.03,4070.92,4033.71,4045.42,20284.8332,2025-10-20 08:00:00,ETH/USDT,binance,1h
1760947200000,193.02,194.18,191.96,193.0,119542.52,2025-10-20 08:00:00,SOL/USDT,binance,1h
1760950800000,111097.16,111200.0,110691.96,110964.13,1095.42239,2025-10-20 09:00:00,BTC/USDT,binance,1h
1760950800000,4045.41,4052.06,4035.0,4044.89,13905.6332,2025-10-20 09:00:00,ETH/USDT,binance,1h
1760950800000,193.0,193.63,192.56,193.2,93417.016,2025-10-20 09:00:00,SOL/USDT,binance,1h
1760954400000,110964.14,111098.01,110612.0,110731.78,644.26773,2025-10-20 10:00:00,BTC/USDT,binance,1h
1760954400000,4044.9,4053.46,4016.02,4026.21,16965.9702,2025-10-20 10:00:00,ETH/USDT,binance,1h
1760954400000,193.19,193.75,191.41,191.62,104231.332,2025-10-20 10:00:00,SOL/USDT,binance,1h
1760958000000,110731.78,111026.93,110608.27,111016.75,787.40667,2025-10-20 11:00:00,BTC/USDT,binance,1h
1760958000000,4026.22,4041.61,4012.21,4035.02,21877.2669,2025-10-20 11:00:00,ETH/USDT,binance,1h
1760958000000,191.62,192.29,191.0,192.2,94648.076,2025-10-20 11:00:00,SOL/USDT,binance,1h
1760961600000,111016.75,111203.06,110780.0,110843.81,425.00243,2025-10-20 12:00:00,BTC/USDT,binance,1h
1760961600000,4035.03,4039.63,4024.91,4037.64,7206.0548,2025-10-20 12:00:00,ETH/USDT,binance,1h
1760961600000,192.21,192.77,191.68,192.76,57403.285,2025-10-20 12:00:00,SOL/USDT,binance,1h
1760965200000,110843.82,111203.06,110588.23,111161.35,666.08434,2025-10-20 13:00:00,BTC/USDT,binance,1h
1760965200000,4037.65,4044.28,4018.49,4038.74,32295.738,2025-10-20 13:00:00,ETH/USDT,binance,1h
1760965200000,192.77,192.99,191.6,192.41,94442.082,2025-10-20 13:00:00,SOL/USDT,binance,1h
1760968800000,111161.35,111395.84,110736.0,111210.86,911.55485,2025-10-20 14:00:00,BTC/USDT,binance,1h
1760968800000,4038.75,4048.1,4012.43,4038.69,35258.2711,2025-10-20 14:00:00,ETH/USDT,binance,1h
1760968800000,192.42,192.61,190.77,191.4,167724.642,2025-10-20 14:00:00,SOL/USDT,binance,1h
1760972400000,111210.86,111705.56,111001.34,111144.55,1003.56342,2025-10-20 15:00:00,BTC/USDT,binance,1h
1760972400000,4038.69,4049.51,4002.07,4003.98,42531.9549,2025-10-20 15:00:00,ETH/USDT,binance,1h
1760972400000,191.4,192.33,190.44,190.5,120184.008,2025-10-20 15:00:00,SOL/USDT,binance,1h
1760976000000,111144.55,111303.05,110110.0,110683.19,1717.87854,2025-10-20 16:00:00,BTC/USDT,binance,1h
1760976000000,4003.99,4003.99,3924.98,3949.4,70948.4948,2025-10-20 16:00:00,ETH/USDT,binance,1h
1760976000000,190.51,190.51,186.71,187.54,390442.932,2025-10-20 16:00:00,SOL/USDT,binance,1h
1760979600000,110683.2,111071.4,109855.83,110282.76,1077.4169,2025-10-20 17:00:00,BTC/USDT,binance,1h
1760979600000,3949.39,3964.74,3922.0,3951.03,18819.0866,2025-10-20 17:00:00,ETH/USDT,binance,1h
1760979600000,187.53,188.55,185.56,187.66,177603.269,2025-10-20 17:00:00,SOL/USDT,binance,1h
1760983200000,110282.76,110968.98,110220.0,110937.92,457.18317,2025-10-20 18:00:00,BTC/USDT,binance,1h
1760983200000,3951.02,3976.28,3946.03,3974.01,9605.2654,2025-10-20 18:00:00,ETH/USDT,binance,1h
1760983200000,187.66,188.53,187.19,188.2,78248.85,2025-10-20 18:00:00,SOL/USDT,binance,1h
1760986800000,110937.92,111067.33,110542.0,110803.22,464.17808,2025-10-20 19:00:00,BTC/USDT,binance,1h
1760986800000,3974.02,3992.27,3959.06,3981.36,12220.3778,2025-10-20 19:00:00,ETH/USDT,binance,1h
1760986800000,188.2,189.44,187.53,188.83,80575.649,2025-10-20 19:00:00,SOL/USDT,binance,1h
1760990400000,110803.22,111272.0,110665.03,111091.46,480.99811,2025-10-20 20:00:00,BTC/USDT,binance,1h
1760990400000,3981.36,3998.46,3974.62,3998.45,7589.7486,2025-10-20 20:00:00,ETH/USDT,binance,1h
1760990400000,188.83,190.51,188.26,190.51,85201.666,2025-10-20 20:00:00,SOL/USDT,binance,1h
1760994000000,111091.46,111243.64,110464.91,110563.2,332.06604,2025-10-20 21:00:00,BTC/USDT,binance,1h
1760994000000,3998.44,4003.2,3971.42,3976.86,8630.8835,2025-10-20 21:00:00,ETH/USDT,binance,1h
1760994000000,190.51,191.18,188.79,188.99,78426.49,2025-10-20 21:00:00,SOL/USDT,binance,1h
1760997600000,110563.2,110867.39,110418.25,110794.08,267.98447,2025-10-20 22:00:00,BTC/USDT,binance,1h
1760997600000,3976.86,3991.05,3971.01,3988.89,6305.4155,2025-10-20 22:00:00,ETH/USDT,binance,1h
1760997600000,188.99,190.88,188.78,190.74,63684.272,2025-10-20 22:00:00,SOL/USDT,binance,1h
1761001200000,110794.08,110828.75,110521.85,110532.09,285.13241,2025-10-20 23:00:00,BTC/USDT,binance,1h
1761001200000,3988.89,3993.51,3976.23,3979.22,5108.3193,2025-10-20 23:00:00,ETH/USDT,binance,1h
1761001200000,190.74,190.84,189.48,189.71,64670.81,2025-10-20 23:00:00,SOL/USDT,binance,1h
1761004800000,110532.09,110532.09,110168.0,110446.69,437.52159,2025-10-21 00:00:00,BTC/USDT,binance,1h
1761004800000,3979.22,3985.76,3962.64,3972.14,8463.9714,2025-10-21 00:00:00,ETH/USDT,binance,1h
1761004800000,189.71,190.21,188.7,189.0,87126.802,2025-10-21 00:00:00,SOL/USDT,binance,1h
1761008400000,110446.68,110489.41,109555.0,109863.19,677.1117,2025-10-21 01:00:00,BTC/USDT,binance,1h
1761008400000,3972.14,3973.64,3933.98,3947.81,16019.7739,2025-10-21 01:00:00,ETH/USDT,binance,1h
1761008400000,189.0,189.24,186.21,186.72,203591.172,2025-10-21 01:00:00,SOL/USDT,binance,1h
1761012000000,109863.18,109922.89,109303.86,109514.92,773.29938,2025-10-21 02:00:00,BTC/USDT,binance,1h
1761012000000,3947.81,3950.64,3925.11,3931.39,15429.6199,2025-10-21 02:00:00,ETH/USDT,binance,1h
1761012000000,186.72,186.9,185.52,186.03,203697.184,2025-10-21 02:00:00,SOL/USDT,binance,1h
1761015600000,109514.92,109620.31,109052.09,109059.22,517.88075,2025-10-21 03:00:00,BTC/USDT,binance,1h
1761015600000,3931.39,3943.02,3918.39,3922.66,10558.0668,2025-10-21 03:00:00,ETH/USDT,binance,1h
1761015600000,186.04,186.6,185.31,185.57,75291.273,2025-10-21 03:00:00,SOL/USDT,binance,1h
1761019200000,109059.23,109059.23,107650.94,107779.7,1936.39331,2025-10-21 04:00:00,BTC/USDT,binance,1h
1761019200000,3922.66,3922.66,3843.58,3851.0,41477.9752,2025-10-21 04:00:00,ETH/USDT,binance,1h
1761019200000,185.57,185.63,183.2,183.75,287851.232,2025-10-21 04:00:00,SOL/USDT,binance,1h
1761022800000,107779.71,107979.46,107473.72,107537.12,1531.85421,2025-10-21 05:00:00,BTC/USDT,binance,1h
1761022800000,3851.0,3874.44,3840.24,3863.78,23405.0263,2025-10-21 05:00:00,ETH/USDT,binance,1h
1761022800000,183.75,184.36,182.72,183.85,154340.825,2025-10-21 05:00:00,SOL/USDT,binance,1h
1761026400000,107537.12,108200.0,107499.19,107909.79,754.26623,2025-10-21 06:00:00,BTC/USDT,binance,1h
1761026400000,3863.78,3892.0,3855.71,3887.23,15620.8726,2025-10-21 06:00:00,ETH/USDT,binance,1h
1761026400000,183.85,185.06,183.17,184.48,90979.985,2025-10-21 06:00:00,SOL/USDT,binance,1h
1761030000000,107909.79,108200.0,107645.21,108086.37,707.81305,2025-10-21 07:00:00,BTC/USDT,binance,1h
1761030000000,3887.23,3896.79,3875.39,3892.95,10768.6724,2025-10-21 07:00:00,ETH/USDT,binance,1h
1761030000000,184.47,185.23,183.73,185.03,84427.545,2025-10-21 07:00:00,SOL/USDT,binance,1h
1761033600000,108086.38,108098.72,107484.22,107695.79,804.21106,2025-10-21 08:00:00,BTC/USDT,binance,1h
1761033600000,3892.95,3893.46,3851.0,3867.99,17648.3605,2025-10-21 08:00:00,ETH/USDT,binance,1h
1761033600000,185.04,185.04,183.77,184.29,87368.034,2025-10-21 08:00:00,SOL/USDT,binance,1h
1761037200000,107695.79,107866.72,107540.09,107754.27,543.10308,2025-10-21 09:00:00,BTC/USDT,binance,1h
1761037200000,3867.99,3874.3,3856.73,3864.41,6680.2679,2025-10-21 09:00:00,ETH/USDT,binance,1h
1761037200000,184.28,184.52,183.77,184.37,54517.243,2025-10-21 09:00:00,SOL/USDT,binance,1h
1761040800000,107754.27,108811.47,107580.0,108499.56,1096.0073,2025-10-21 10:00:00,BTC/USDT,binance,1h
1761040800000,3864.42,3897.77,3859.85,3883.75,14163.4352,2025-10-21 10:00:00,ETH/USDT,binance,1h
1761040800000,184.37,186.75,184.2,185.92,102342.865,2025-10-21 10:00:00,SOL/USDT,binance,1h
1761044400000,108499.56,108639.76,108169.81,108580.01,546.40513,2025-10-21 11:00:00,BTC/USDT,binance,1h
1761044400000,3883.75,3894.69,3870.21,3890.07,7525.1179,2025-10-21 11:00:00,ETH/USDT,binance,1h
1761044400000,185.91,186.51,185.06,186.29,59515.622,2025-10-21 11:00:00,SOL/USDT,binance,1h
1761048000000,108580.0,109485.78,108466.48,108793.4,1229.63283,2025-10-21 12:00:00,BTC/USDT,binance,1h
1761048000000,3890.06,3918.72,3877.27,3880.9,15211.7048,2025-10-21 12:00:00,ETH/USDT,binance,1h
1761048000000,186.28,187.76,185.92,186.48,120184.674,2025-10-21 12:00:00,SOL/USDT,binance,1h
1761051600000,108793.39,108913.68,107922.06,108426.98,1261.1868,2025-10-21 13:00:00,BTC/USDT,binance,1h
1761051600000,3880.9,3898.32,3852.06,3866.03,24553.2566,2025-10-21 13:00:00,ETH/USDT,binance,1h
1761051600000,186.49,187.0,183.94,185.09,174885.53,2025-10-21 13:00:00,SOL/USDT,binance,1h
1761055200000,108426.98,112290.31,108408.0,112170.52,3335.7283,2025-10-21 14:00:00,BTC/USDT,binance,1h
1761055200000,3866.03,4024.47,3864.91,4021.24,69297.6052,2025-10-21 14:00:00,ETH/USDT,binance,1h
1761055200000,185.1,192.82,184.98,192.75,410498.693,2025-10-21 14:00:00,SOL/USDT,binance,1h
1761058800000,112170.52,113557.62,111716.91,113422.61,4175.55944,2025-10-21 15:00:00,BTC/USDT,binance,1h
1761058800000,4021.24,4084.91,3996.6,4081.66,67131.7473,2025-10-21 15:00:00,ETH/USDT,binance,1h
1761058800000,192.76,197.15,191.93,196.22,563617.626,2025-10-21 15:00:00,SOL/USDT,binance,1h
1761062400000,113422.6,114000.0,112465.33,112565.88,2654.63776,2025-10-21 16:00:00,BTC/USDT,binance,1h
1761062400000,4081.66,4110.0,4019.35,4029.19,59883.8724,2025-10-21 16:00:00,ETH/USDT,binance,1h
1761062400000,196.22,197.71,192.11,192.6,501327.314,2025-10-21 16:00:00,SOL/USDT,binance,1h
1761066000000,112565.88,112993.67,111813.18,111973.42,5531.17962,2025-10-21 17:00:00,BTC/USDT,binance,1h
1761066000000,4029.19,4040.21,3965.47,4014.63,54968.7714,2025-10-21 17:00:00,ETH/USDT,binance,1h
1761066000000,192.59,195.45,192.11,194.82,350409.809,2025-10-21 17:00:00,SOL/USDT,binance,1h
1761069600000,111973.41,112297.14,111324.29,111990.55,1962.19243,2025-10-21 18:00:00,BTC/USDT,binance,1h
1761069600000,4014.63,4023.25,3975.1,4013.94,18112.4829,2025-10-21 18:00:00,ETH/USDT,binance,1h
1761069600000,194.81,195.44,193.51,194.14,138556.498,2025-10-21 18:00:00,SOL/USDT,binance,1h
1761073200000,111990.55,112200.0,111562.94,111780.39,583.46835,2025-10-21 19:00:00,BTC/USDT,binance,1h
1761073200000,4013.94,4022.32,3993.76,3995.69,10323.2972,2025-10-21 19:00:00,ETH/USDT,binance,1h
1761073200000,194.14,194.55,193.07,193.96,94757.323,2025-10-21 19:00:00,SOL/USDT,binance,1h
1761076800000,111780.4,111801.41,110554.22,110787.56,1166.16267,2025-10-21 20:00:00,BTC/USDT,binance,1h
1761076800000,3995.7,4001.13,3936.34,3954.2,17569.8395,2025-10-21 20:00:00,ETH/USDT,binance,1h
1761076800000,193.97,194.22,190.71,191.4,189546.429,2025-10-21 20:00:00,SOL/USDT,binance,1h
1761080400000,110787.56,111111.0,110111.0,110816.32,986.90737,2025-10-21 21:00:00,BTC/USDT,binance,1h
1761080400000,3954.19,3966.44,3893.91,3945.62,20086.4123,2025-10-21 21:00:00,ETH/USDT,binance,1h
1761080400000,191.4,191.75,188.0,191.29,252461.934,2025-10-21 21:00:00,SOL/USDT,binance,1h
1761084000000,110816.33,110816.33,108271.68,109066.98,2484.48697,2025-10-21 22:00:00,BTC/USDT,binance,1h
1761084000000,3945.62,3949.42,3892.48,3901.28,24722.4254,2025-10-21 22:00:00,ETH/USDT,binance,1h
1761084000000,191.29,191.49,187.79,188.56,163374.803,2025-10-21 22:00:00,SOL/USDT,binance,1h
1761087600000,109066.98,109423.19,108045.81,108297.67,1531.00726,2025-10-21 23:00:00,BTC/USDT,binance,1h
1761087600000,3901.29,3911.24,3858.0,3873.05,20971.5632,2025-10-21 23:00:00,ETH/USDT,binance,1h
1761087600000,188.56,188.94,185.11,185.63,200412.206,2025-10-21 23:00:00,SOL/USDT,binance,1h
1761091200000,108297.66,108643.61,107841.2,107986.14,1537.60176,2025-10-22 00:00:00,BTC/USDT,binance,1h
1761091200000,3873.04,3889.27,3821.64,3842.24,36811.87,2025-10-22 00:00:00,ETH/USDT,binance,1h
1761091200000,185.62,186.59,184.14,185.67,196944.068,2025-10-22 00:00:00,SOL/USDT,binance,1h
1761094800000,107986.15,108460.02,107986.14,108364.21,1493.26761,2025-10-22 01:00:00,BTC/USDT,binance,1h
1761094800000,3842.23,3874.86,3841.63,3869.74,15308.6599,2025-10-22 01:00:00,ETH/USDT,binance,1h
1761094800000,185.68,187.2,185.61,187.0,126329.104,2025-10-22 01:00:00,SOL/USDT,binance,1h
1761098400000,108364.22,108678.21,108198.85,108198.85,699.65823,2025-10-22 02:00:00,BTC/USDT,binance,1h
1761098400000,3869.76,3876.54,3861.45,3862.0,10610.4309,2025-10-22 02:00:00,ETH/USDT,binance,1h
1761098400000,187.0,187.45,185.84,185.9,118434.508,2025-10-22 02:00:00,SOL/USDT,binance,1h
1761102000000,108198.85,108219.12,107860.92,108216.02,1121.03699,2025-10-22 03:00:00,BTC/USDT,binance,1h
1761102000000,3862.0,3863.16,3841.25,3859.57,11083.1574,2025-10-22 03:00:00,ETH/USDT,binance,1h
1761102000000,185.9,185.96,184.5,185.24,114946.265,2025-10-22 03:00:00,SOL/USDT,binance,1h
1761105600000,108216.03,108635.92,108162.09,108625.6,696.45277,2025-10-22 04:00:00,BTC/USDT,binance,1h
1761105600000,3859.58,3884.34,3858.0,3879.13,10167.8611,2025-10-22 04:00:00,ETH/USDT,binance,1h
1761105600000,185.23,186.31,185.06,185.89,100187.179,2025-10-22 04:00:00,SOL/USDT,binance,1h
1761109200000,108625.61,108638.99,107879.93,108166.81,1434.44211,2025-10-22 05:00:00,BTC/USDT,binance,1h
1761109200000,3879.13,3882.47,3838.31,3860.48,16551.1548,2025-10-22 05:00:00,ETH/USDT,binance,1h
1761109200000,185.88,185.95,183.28,184.58,209282.458,2025-10-22 05:00:00,SOL/USDT,binance,1h
1761112800000,108166.82,108331.75,107945.5,107980.02,675.25677,2025-10-22 06:00:00,BTC/USDT,binance,1h
1761112800000,3860.48,3870.0,3852.33,3853.36,11011.126,2025-10-22 06:00:00,ETH/USDT,binance,1h
1761112800000,184.57,184.91,183.88,184.09,94005.432,2025-10-22 06:00:00,SOL/USDT,binance,1h
1761116400000,107980.02,108321.64,107610.0,108321.63,1077.00799,2025-10-22 07:00:00,BTC/USDT,binance,1h
1761116400000,3853.37,3876.46,3841.22,3868.72,14088.0885,2025-10-22 07:00:00,ETH/USDT,binance,1h
1761116400000,184.09,185.15,183.42,185.01,86908.52,2025-10-22 07:00:00,SOL/USDT,binance,1h
1761120000000,108321.64,108358.76,108079.86,108229.3,505.66169,2025-10-22 08:00:00,BTC/USDT,binance,1h
1761120000000,3868.72,3868.91,3848.94,3854.25,12704.5252,2025-10-22 08:00:00,ETH/USDT,binance,1h
1761120000000,185.01,185.2,184.24,184.71,64994.7,2025-10-22 08:00:00,SOL/USDT,binance,1h
1761123600000,108229.3,108274.43,107773.89,107963.13,557.31037,2025-10-22 09:00:00,BTC/USDT,binance,1h
1761123600000,3854.26,3858.59,3825.1,3836.84,18566.6241,2025-10-22 09:00:00,ETH/USDT,binance,1h
1761123600000,184.71,184.94,183.36,184.04,89622.218,2025-10-22 09:00:00,SOL/USDT,binance,1h
1761127200000,107963.12,108114.8,107650.0,107657.98,497.00462,2025-10-22 10:00:00,BTC/USDT,binance,1h
1761127200000,3836.85,3849.15,3818.75,3820.7,12063.0255,2025-10-22 10:00:00,ETH/USDT,binance,1h
1761127200000,184.05,184.5,183.22,183.55,61996.835,2025-10-22 10:00:00,SOL/USDT,binance,1h
1761130800000,107657.98,108207.99,106708.18,107555.05,2452.68318,2025-10-22 11:00:00,BTC/USDT,binance,1h
1761130800000,3820.69,3838.71,3770.02,3829.0,41565.2272,2025-10-22 11:00:00,ETH/USDT,binance,1h
1761130800000,183.56,185.98,181.92,185.05,250771.166,2025-10-22 11:00:00,SOL/USDT,binance,1h
1761134400000,107555.04,108399.0,107443.01,108044.96,841.76229,2025-10-22 12:00:00,BTC/USDT,binance,1h
1761134400000,3829.01,3857.44,3821.05,3846.64,14903.8185,2025-10-22 12:00:00,ETH/USDT,binance,1h
1761134400000,185.05,186.91,184.41,185.8,118766.263,2025-10-22 12:00:00,SOL/USDT,binance,1h
1761138000000,108044.96,109014.34,107630.39,108783.36,1889.17586,2025-10-22 13:00:00,BTC/USDT,binance,1h
1761138000000,3846.65,3876.92,3825.0,3872.97,28616.9646,2025-10-22 13:00:00,ETH/USDT,binance,1h
1761138000000,185.81,186.88,184.15,186.53,187092.768,2025-10-22 13:00:00,SOL/USDT,binance,1h
1761141600000,108783.35,108998.0,107500.0,108947.5,3240.71769,2025-10-22 14:00:00,BTC/USDT,binance,1h
1761141600000,3872.97,3874.08,3780.32,3853.57,50497.5536,2025-10-22 14:00:00,ETH/USDT,binance,1h
1761141600000,186.53,186.65,181.28,185.5,424647.624,2025-10-22 14:00:00,SOL/USDT,binance,1h
1761145200000,108947.49,109163.88,107737.04,108416.5,1954.01743,2025-10-22 15:00:00,BTC/USDT,binance,1h
1761145200000,3853.56,3864.23,3790.74,3841.76,85696.5064,2025-10-22 15:00:00,ETH/USDT,binance,1h
1761145200000,185.5,186.04,182.32,183.98,235282.016,2025-10-22 15:00:00,SOL/USDT,binance,1h
1761148800000,108416.5,108796.42,107877.27,108226.0,1590.12287,2025-10-22 16:00:00,BTC/USDT,binance,1h
1761148800000,3841.76,3861.9,3813.62,3836.25,55187.0063,2025-10-22 16:00:00,ETH/USDT,binance,1h
1761148800000,183.99,184.96,182.5,183.62,228160.417,2025-10-22 16:00:00,SOL/USDT,binance,1h
1761152400000,108226.0,108339.89,107566.65,107778.45,913.68528,2025-10-22 17:00:00,BTC/USDT,binance,1h
1761152400000,3836.24,3843.38,3794.77,3807.95,19746.7822,2025-10-22 17:00:00,ETH/USDT,binance,1h
1761152400000,183.63,184.23,181.34,181.68,160935.936,2025-10-22 17:00:00,SOL/USDT,binance,1h
1761156000000,107778.45,108200.0,107463.29,108023.33,668.80381,2025-10-22 18:00:00,BTC/USDT,binance,1h
1761156000000,3807.96,3821.19,3791.42,3802.61,14945.6802,2025-10-22 18:00:00,ETH/USDT,binance,1h
1761156000000,181.68,182.34,180.18,180.91,197694.626,2025-10-22 18:00:00,SOL/USDT,binance,1h
1761159600000,108023.33,108411.61,107685.61,107870.35,835.44242,2025-10-22 19:00:00,BTC/USDT,binance,1h
1761159600000,3802.61,3827.24,3784.0,3804.0,25642.6932,2025-10-22 19:00:00,ETH/USDT,binance,1h
1761159600000,180.9,182.56,177.07,180.2,275713.589,2025-10-22 19:00:00,SOL/USDT,binance,1h
1761163200000,107870.35,108069.93,107500.0,107696.03,1003.6717,2025-10-22 20:00:00,BTC/USDT,binance,1h
1761163200000,3804.0,3810.39,3770.0,3780.84,17884.7674,2025-10-22 20:00:00,ETH/USDT,binance,1h
1761163200000,180.21,180.78,179.11,180.18,140329.318,2025-10-22 20:00:00,SOL/USDT,binance,1h
1761166800000,107696.03,107749.02,106666.69,107207.98,1548.13803,2025-10-22 21:00:00,BTC/USDT,binance,1h
1761166800000,3780.84,3782.1,3710.0,3744.69,37241.0794,2025-10-22 21:00:00,ETH/USDT,binance,1h
1761166800000,180.17,180.26,177.04,178.39,269031.798,2025-10-22 21:00:00,SOL/USDT,binance,1h
1761170400000,107207.98,107683.25,106917.57,107196.82,742.32871,2025-10-22 22:00:00,BTC/USDT,binance,1h
1761170400000,3744.68,3762.53,3734.47,3752.36,13219.2606,2025-10-22 22:00:00,ETH/USDT,binance,1h
1761170400000,178.38,179.57,177.79,178.88,121015.107,2025-10-22 22:00:00,SOL/USDT,binance,1h
1761174000000,107196.82,107946.15,107169.69,107567.44,635.53433,2025-10-22 23:00:00,BTC/USDT,binance,1h
1761174000000,3752.35,3816.5,3750.77,3805.53,19016.2275,2025-10-22 23:00:00,ETH/USDT,binance,1h
1761174000000,178.88,180.49,178.78,180.12,103912.8,2025-10-22 23:00:00,SOL/USDT,binance,1h
1761177600000,107567.45,107980.52,107500.0,107845.3,396.0602,2025-10-23 00:00:00,BTC/USDT,binance,1h
1761177600000,3805.53,3821.56,3796.54,3815.27,10897.4648,2025-10-23 00:00:00,ETH/USDT,binance,1h
1761177600000,180.13,181.14,179.68,181.01,89259.871,2025-10-23 00:00:00,SOL/USDT,binance,1h
1761181200000,107845.3,108500.0,107813.2,108150.0,1012.18554,2025-10-23 01:00:00,BTC/USDT,binance,1h
1761181200000,3815.27,3835.93,3812.08,3821.05,11012.5763,2025-10-23 01:00:00,ETH/USDT,binance,1h
1761181200000,181.02,182.05,180.58,181.78,105749.162,2025-10-23 01:00:00,SOL/USDT,binance,1h
1761184800000,108150.01,108410.3,108058.66,108410.29,360.75702,2025-10-23 02:00:00,BTC/USDT,binance,1h
1761184800000,3821.05,3834.51,3815.18,3825.65,6410.0255,2025-10-23 02:00:00,ETH/USDT,binance,1h
1761184800000,181.79,182.47,181.41,182.27,52073.07,2025-10-23 02:00:00,SOL/USDT,binance,1h
1761188400000,108410.29,108720.39,108323.59,108377.96,604.50041,2025-10-23 03:00:00,BTC/USDT,binance,1h
1761188400000,3825.65,3834.74,3822.58,3826.79,5910.3557,2025-10-23 03:00:00,ETH/USDT,binance,1h
1761188400000,182.27,183.4,182.14,182.86,86139.623,2025-10-23 03:00:00,SOL/USDT,binance,1h
1761192000000,108377.96,108940.33,108350.36,108644.32,394.82009,2025-10-23 04:00:00,BTC/USDT,binance,1h
1761192000000,3826.8,3847.99,3822.76,3835.92,7992.9977,2025-10-23 04:00:00,ETH/USDT,binance,1h
1761192000000,182.87,184.28,182.7,184.02,72710.473,2025-10-23 04:00:00,SOL/USDT,binance,1h
1761195600000,108644.31,108991.81,108622.05,108940.58,448.44483,2025-10-23 05:00:00,BTC/USDT,binance,1h
1761195600000,3835.92,3849.51,3835.01,3847.3,9424.6973,2025-10-23 05:00:00,ETH/USDT,binance,1h
1761195600000,184.02,184.84,183.79,184.84,78646.255,2025-10-23 05:00:00,SOL/USDT,binance,1h
1761199200000,108940.58,110298.29,108849.07,110246.94,1472.3024,2025-10-23 06:00:00,BTC/USDT,binance,1h
1761199200000,3847.3,3897.0,3843.44,3891.41,26526.6223,2025-10-23 06:00:00,ETH/USDT,binance,1h
1761199200000,184.83,187.6,184.54,187.43,211961.847,2025-10-23 06:00:00,SOL/USDT,binance,1h
1761202800000,110246.93,110273.48,109207.75,109269.9,999.21853,2025-10-23 07:00:00,BTC/USDT,binance,1h
1761202800000,3891.41,3892.29,3870.26,3881.01,15632.494,2025-10-23 07:00:00,ETH/USDT,binance,1h
1761202800000,187.44,188.0,186.17,187.48,146827.634,2025-10-23 07:00:00,SOL/USDT,binance,1h
1761206400000,109269.9,109903.83,109245.48,109505.44,737.41671,2025-10-23 08:00:00,BTC/USDT,binance,1h
1761206400000,3881.02,3905.15,3881.02,3887.2,14632.9345,2025-10-23 08:00:00,ETH/USDT,binance,1h
1761206400000,187.48,188.71,187.48,187.97,159517.029,2025-10-23 08:00:00,SOL/USDT,binance,1h
1761210000000,109505.45,109545.76,109123.01,109426.99,503.07972,2025-10-23 09:00:00,BTC/USDT,binance,1h
1761210000000,3887.19,3891.68,3874.99,3890.78,13064.9755,2025-10-23 09:00:00,ETH/USDT,binance,1h
1761210000000,187.97,188.88,187.48,188.39,133318.493,2025-10-23 09:00:00,SOL/USDT,binance,1h
1761213600000,109427.0,109701.9,109370.05,109439.2,401.4903,2025-10-23 10:00:00,BTC/USDT,binance,1h
1761213600000,3890.79,3905.22,3877.56,3877.57,16781.4565,2025-10-23 10:00:00,ETH/USDT,binance,1h
1761213600000,188.39,189.34,188.22,188.25,124755.026,2025-10-23 10:00:00,SOL/USDT,binance,1h
1761217200000,109439.2,109655.89,109100.4,109253.89,562.0243,2025-10-23 11:00:00,BTC/USDT,binance,1h
1761217200000,3877.57,3887.99,3859.0,3863.06,14154.389,2025-10-23 11:00:00,ETH/USDT,binance,1h
1761217200000,188.25,189.49,187.51,187.98,172699.217,2025-10-23 11:00:00,SOL/USDT,binance,1h
1761220800000,109253.88,109253.89,108685.72,109164.94,953.31213,2025-10-23 12:00:00,BTC/USDT,binance,1h
1761220800000,3863.06,3863.07,3837.17,3853.21,17468.6996,2025-10-23 12:00:00,ETH/USDT,binance,1h
1761220800000,187.98,189.39,186.6,189.32,191031.409,2025-10-23 12:00:00,SOL/USDT,binance,1h
1761224400000,109164.95,109650.01,108800.01,109500.62,1286.55668,2025-10-23 13:00:00,BTC/USDT,binance,1h
1761224400000,3853.2,3867.0,3833.27,3851.38,60249.1921,2025-10-23 13:00:00,ETH/USDT,binance,1h
1761224400000,189.32,192.62,188.4,190.37,400212.876,2025-10-23 13:00:00,SOL/USDT,binance,1h
1761228000000,109500.62,109851.62,108723.13,109594.9,1111.45274,2025-10-23 14:00:00,BTC/USDT,binance,1h
1761228000000,3851.38,3853.93,3808.01,3847.69,71227.0931,2025-10-23 14:00:00,ETH/USDT,binance,1h
1761228000000,190.37,191.29,188.13,189.77,231092.394,2025-10-23 14:00:00,SOL/USDT,binance,1h
1761231600000,109594.9,110109.99,109486.38,109908.28,933.2687,2025-10-23 15:00:00,BTC/USDT,binance,1h
1761231600000,3847.68,3887.35,3843.1,3876.94,36336.3995,2025-10-23 15:00:00,ETH/USDT,binance,1h
1761231600000,189.78,191.87,189.43,191.04,262182.11,2025-10-23 15:00:00,SOL/USDT,binance,1h
1761235200000,109908.29,110576.5,109647.34,110263.74,883.87893,2025-10-23 16:00:00,BTC/USDT,binance,1h
1761235200000,3876.95,3934.86,3865.56,3918.26,26555.1659,2025-10-23 16:00:00,ETH/USDT,binance,1h
1761235200000,191.04,192.43,190.42,191.95,145498.709,2025-10-23 16:00:00,SOL/USDT,binance,1h
1761238800000,110263.74,111293.61,109650.0,111241.71,1605.70962,2025-10-23 17:00:00,BTC/USDT,binance,1h
1761238800000,3918.27,3928.0,3877.04,3921.88,33951.498,2025-10-23 17:00:00,ETH/USDT,binance,1h
1761238800000,191.95,193.45,190.1,192.5,232036.472,2025-10-23 17:00:00,SOL/USDT,binance,1h
1761242400000,111241.71,111289.36,110261.48,110571.66,761.73368,2025-10-23 18:00:00,BTC/USDT,binance,1h
1761242400000,3921.88,3922.95,3858.77,3870.14,23908.6924,2025-10-23 18:00:00,ETH/USDT,binance,1h
1761242400000,192.49,192.87,190.84,191.53,106132.195,2025-10-23 18:00:00,SOL/USDT,binance,1h
1761246000000,110571.66,110619.9,110106.0,110200.0,388.99846,2025-10-23 19:00:00,BTC/USDT,binance,1h
1761246000000,3870.14,3871.36,3845.0,3859.4,16742.6248,2025-10-23 19:00:00,ETH/USDT,binance,1h
1761246000000,191.52,191.87,190.55,191.15,82540.21,2025-10-23 19:00:00,SOL/USDT,binance,1h
1761249600000,110200.01,110200.01,109341.28,109524.81,629.20848,2025-10-23 20:00:00,BTC/USDT,binance,1h
1761249600000,3859.4,3860.1,3818.72,3829.2,13589.4972,2025-10-23 20:00:00,ETH/USDT,binance,1h
1761249600000,191.14,191.29,188.31,188.8,186406.169,2025-10-23 20:00:00,SOL/USDT,binance,1h
1761253200000,109524.81,109727.22,109380.12,109532.97,424.08473,2025-10-23 21:00:00,BTC/USDT,binance,1h
1761253200000,3829.2,3837.18,3821.5,3828.91,6801.2145,2025-10-23 21:00:00,ETH/USDT,binance,1h
1761253200000,188.8,189.46,188.51,188.8,87481.954,2025-10-23 21:00:00,SOL/USDT,binance,1h
1761256800000,109532.96,110158.37,109517.37,109943.94,443.21336,2025-10-23 22:00:00,BTC/USDT,binance,1h
1761256800000,3828.9,3857.02,3826.91,3850.96,8196.1043,2025-10-23 22:00:00,ETH/USDT,binance,1h
1761256800000,188.79,190.58,188.65,190.43,79837.543,2025-10-23 22:00:00,SOL/USDT,binance,1h
1761260400000,109943.95,110099.17,109839.0,110078.18,259.37538,2025-10-23 23:00:00,BTC/USDT,binance,1h
1761260400000,3850.96,3860.0,3845.28,3856.8,9763.8476,2025-10-23 23:00:00,ETH/USDT,binance,1h
1761260400000,190.42,191.51,190.41,191.35,63849.374,2025-10-23 23:00:00,SOL/USDT,binance,1h
1761264000000,110078.19,110709.22,109983.93,110500.28,531.07612,2025-10-24 00:00:00,BTC/USDT,binance,1h
1761264000000,3856.8,3877.01,3845.86,3868.0,11089.7187,2025-10-24 00:00:00,ETH/USDT,binance,1h
1761264000000,191.36,193.85,190.95,192.53,168737.858,2025-10-24 00:00:00,SOL/USDT,binance,1h
1761267600000,110500.29,110665.53,110141.38,110585.08,371.9999,2025-10-24 01:00:00,BTC/USDT,binance,1h
1761267600000,3868.01,3883.12,3858.04,3881.72,8585.4765,2025-10-24 01:00:00,ETH/USDT,binance,1h
1761267600000,192.54,193.39,192.15,192.96,87334.847,2025-10-24 01:00:00,SOL/USDT,binance,1h
1761271200000,110585.09,110829.67,110358.34,110570.12,303.69215,2025-10-24 02:00:00,BTC/USDT,binance,1h
1761271200000,3881.72,3896.0,3871.0,3889.62,9820.703,2025-10-24 02:00:00,ETH/USDT,binance,1h
1761271200000,192.95,193.07,191.4,192.21,94748.526,2025-10-24 02:00:00,SOL/USDT,binance,1h
1761274800000,110570.13,110630.81,110274.85,110441.46,332.11629,2025-10-24 03:00:00,BTC/USDT,binance,1h
1761274800000,3889.62,3892.5,3878.91,3891.0,6367.8757,2025-10-24 03:00:00,ETH/USDT,binance,1h
1761274800000,192.22,192.36,190.85,191.31,70144.932,2025-10-24 03:00:00,SOL/USDT,binance,1h
1761278400000,110441.46,111470.32,110332.0,111178.55,958.63918,2025-10-24 04:00:00,BTC/USDT,binance,1h
1761278400000,3891.0,3979.97,3886.21,3974.36,32907.0024,2025-10-24 04:00:00,ETH/USDT,binance,1h
1761278400000,191.31,194.6,190.82,193.49,220310.864,2025-10-24 04:00:00,SOL/USDT,binance,1h
1761282000000,111178.54,111310.31,110941.02,111261.36,515.30958,2025-10-24 05:00:00,BTC/USDT,binance,1h
1761282000000,3974.35,3989.2,3957.33,3974.2,18593.9727,2025-10-24 05:00:00,ETH/USDT,binance,1h
1761282000000,193.49,193.9,192.92,193.3,99036.203,2025-10-24 05:00:00,SOL/USDT,binance,1h
1761285600000,111261.37,111488.0,111120.71,111464.36,480.6909,2025-10-24 06:00:00,BTC/USDT,binance,1h
1761285600000,3974.2,3987.38,3962.71,3982.44,12444.2382,2025-10-24 06:00:00,ETH/USDT,binance,1h
1761285600000,193.3,193.68,192.6,193.29,71873.041,2025-10-24 06:00:00,SOL/USDT,binance,1h
1761289200000,111464.36,111522.3,110768.23,111054.61,750.55477,2025-10-24 07:00:00,BTC/USDT,binance,1h
1761289200000,3982.45,3983.91,3934.73,3949.22,22736.1399,2025-10-24 07:00:00,ETH/USDT,binance,1h
1761289200000,193.3,193.43,191.5,192.15,113403.86,2025-10-24 07:00:00,SOL/USDT,binance,1h
1761292800000,111054.61,111226.02,110680.01,111097.8,627.57826,2025-10-24 08:00:00,BTC/USDT,binance,1h
1761292800000,3949.22,3965.0,3930.54,3952.86,23504.1223,2025-10-24 08:00:00,ETH/USDT,binance,1h
1761292800000,192.15,193.45,191.7,192.97,81875.785,2025-10-24 08:00:00,SOL/USDT,binance,1h
1761296400000,111097.79,111482.99,111000.0,111324.51,446.13074,2025-10-24 09:00:00,BTC/USDT,binance,1h
1761296400000,3952.86,3969.81,3949.94,3958.57,15304.5172,2025-10-24 09:00:00,ETH/USDT,binance,1h
1761296400000,192.96,193.39,191.88,192.11,78615.47,2025-10-24 09:00:00,SOL/USDT,binance,1h
1761300000000,111324.51,111325.42,111069.46,111114.03,346.40996,2025-10-24 10:00:00,BTC/USDT,binance,1h
1761300000000,3958.58,3964.9,3947.72,3956.6,6249.486,2025-10-24 10:00:00,ETH/USDT,binance,1h
1761300000000,192.11,192.16,191.44,191.78,84266.672,2025-10-24 10:00:00,SOL/USDT,binance,1h
1761303600000,111114.03,111267.99,110600.0,111066.29,561.52762,2025-10-24 11:00:00,BTC/USDT,binance,1h
1761303600000,3956.6,3963.92,3925.83,3946.57,13446.0131,2025-10-24 11:00:00,ETH/USDT,binance,1h
1761303600000,191.78,192.2,190.58,192.13,76522.11,2025-10-24 11:00:00,SOL/USDT,binance,1h
1761307200000,111066.29,112104.98,110867.15,111297.01,1692.92113,2025-10-24 12:00:00,BTC/USDT,binance,1h
1761307200000,3946.58,4026.39,3941.52,3963.97,57286.4308,2025-10-24 12:00:00,ETH/USDT,binance,1h
1761307200000,192.13,197.0,192.13,193.66,471792.92,2025-10-24 12:00:00,SOL/USDT,binance,1h
1761310800000,111297.02,111451.47,110379.51,110937.94,1200.08389,2025-10-24 13:00:00,BTC/USDT,binance,1h
1761310800000,3963.98,3979.13,3917.61,3947.0,38519.5416,2025-10-24 13:00:00,ETH/USDT,binance,1h
1761310800000,193.67,194.28,190.84,192.47,250483.819,2025-10-24 13:00:00,SOL/USDT,binance,1h
1761314400000,110937.94,110937.95,109700.01,110219.17,1902.54077,2025-10-24 14:00:00,BTC/USDT,binance,1h
1761314400000,3946.99,3946.99,3890.65,3902.27,34911.15,2025-10-24 14:00:00,ETH/USDT,binance,1h
1761314400000,192.46,192.46,189.49,190.18,253438.512,2025-10-24 14:00:00,SOL/USDT,binance,1h
1761318000000,110219.17,110620.0,109896.51,110046.91,737.57678,2025-10-24 15:00:00,BTC/USDT,binance,1h
1761318000000,3902.27,3930.0,3871.32,3888.92,33724.196,2025-10-24 15:00:00,ETH/USDT,binance,1h
1761318000000,190.19,190.89,188.83,189.45,360069.167,2025-10-24 15:00:00,SOL/USDT,binance,1h
1761321600000,110046.92,110387.79,109797.13,110261.81,441.40283,2025-10-24 16:00:00,BTC/USDT,binance,1h
1761321600000,3888.92,3892.89,3866.43,3889.12,18391.3663,2025-10-24 16:00:00,ETH/USDT,binance,1h
1761321600000,189.45,190.7,188.83,190.65,234310.607,2025-10-24 16:00:00,SOL/USDT,binance,1h
1761325200000,110261.81,110571.18,110180.74,110235.22,368.64619,2025-10-24 17:00:00,BTC/USDT,binance,1h
1761325200000,3889.11,3904.32,3875.52,3888.91,18140.0617,2025-10-24 17:00:00,ETH/USDT,binance,1h
1761325200000,190.65,191.75,190.42,191.16,105540.506,2025-10-24 17:00:00,SOL/USDT,binance,1h
1761328800000,110235.22,110639.04,110166.0,110619.39,336.10914,2025-10-24 18:00:00,BTC/USDT,binance,1h
1761328800000,3888.9,3915.25,3884.03,3911.97,7052.0938,2025-10-24 18:00:00,ETH/USDT,binance,1h
1761328800000,191.17,191.92,191.02,191.84,78700.986,2025-10-24 18:00:00,SOL/USDT,binance,1h
1761332400000,110619.39,110945.39,110525.06,110615.07,323.90966,2025-10-24 19:00:00,BTC/USDT,binance,1h
1761332400000,3911.98,3937.9,3911.97,3926.53,13009.5459,2025-10-24 19:00:00,ETH/USDT,binance,1h
1761332400000,191.83,193.64,191.83,193.09,126780.766,2025-10-24 19:00:00,SOL/USDT,binance,1h
1761336000000,110615.07,111025.95,110478.0,110893.7,514.0647,2025-10-24 20:00:00,BTC/USDT,binance,1h
1761336000000,3926.53,3942.42,3924.38,3938.77,6806.2002,2025-10-24 20:00:00,ETH/USDT,binance,1h
1761336000000,193.1,194.14,192.84,193.6,73854.852,2025-10-24 20:00:00,SOL/USDT,binance,1h
1761339600000,110893.69,111100.0,110646.64,111085.57,915.59401,2025-10-24 21:00:00,BTC/USDT,binance,1h
1761339600000,3938.78,3945.23,3925.73,3943.71,6716.8269,2025-10-24 21:00:00,ETH/USDT,binance,1h
1761339600000,193.61,194.0,193.26,193.78,52550.305,2025-10-24 21:00:00,SOL/USDT,binance,1h
1761343200000,111085.57,111138.62,110927.23,111023.01,203.9224,2025-10-24 22:00:00,BTC/USDT,binance,1h
1761343200000,3943.7,3945.0,3930.42,3935.88,3567.5771,2025-10-24 22:00:00,ETH/USDT,binance,1h
1761343200000,193.78,194.14,193.2,193.79,53008.761,2025-10-24 22:00:00,SOL/USDT,binance,1h
1761346800000,111023.01,111123.87,110882.05,111004.89,142.67216,2025-10-24 23:00:00,BTC/USDT,binance,1h
1761346800000,3935.88,3936.81,3925.75,3934.88,6752.6823,2025-10-24 23:00:00,ETH/USDT,binance,1h
1761346800000,193.78,193.78,193.12,193.59,49361.257,2025-10-24 23:00:00,SOL/USDT,binance,1h
1761350400000,111004.9,111044.86,110672.86,110766.6,210.6583,2025-10-25 00:00:00,BTC/USDT,binance,1h
1761350400000,3934.88,3935.8,3912.4,3918.4,7917.4343,2025-10-25 00:00:00,ETH/USDT,binance,1h
1761350400000,193.58,193.64,192.45,192.98,73252.971,2025-10-25 00:00:00,SOL/USDT,binance,1h
1761354000000,110766.61,111226.67,110750.0,111070.31,235.37952,2025-10-25 01:00:00,BTC/USDT,binance,1h
1761354000000,3918.4,3939.29,3915.4,3933.2,6331.3334,2025-10-25 01:00:00,ETH/USDT,binance,1h
1761354000000,192.99,194.49,192.86,193.76,82573.498,2025-10-25 01:00:00,SOL/USDT,binance,1h
1761357600000,111070.31,111128.91,110950.02,111025.77,134.00021,2025-10-25 02:00:00,BTC/USDT,binance,1h
1761357600000,3933.2,3937.42,3925.87,3934.32,4247.5652,2025-10-25 02:00:00,ETH/USDT,binance,1h
1761357600000,193.76,194.16,193.33,193.85,63962.417,2025-10-25 02:00:00,SOL/USDT,binance,1h
1761361200000,111025.77,111136.65,110998.21,111029.99,249.3111,2025-10-25 03:00:00,BTC/USDT,binance,1h
1761361200000,3934.31,3935.67,3920.0,3921.2,4082.5139,2025-10-25 03:00:00,ETH/USDT,binance,1h
1761361200000,193.85,194.0,193.3,193.47,54941.006,2025-10-25 03:00:00,SOL/USDT,binance,1h
1761364800000,111029.99,111458.81,111029.99,111228.0,411.01306,2025-10-25 04:00:00,BTC/USDT,binance,1h
1761364800000,3921.21,3935.82,3920.46,3923.2,4606.7696,2025-10-25 04:00:00,ETH/USDT,binance,1h
1761364800000,193.48,194.48,193.44,194.21,70171.208,2025-10-25 04:00:00,SOL/USDT,binance,1h
1761368400000,111228.0,111433.54,111093.99,111386.79,235.19046,2025-10-25 05:00:00,BTC/USDT,binance,1h
1761368400000,3923.2,3932.97,3920.94,3931.78,5963.1124,2025-10-25 05:00:00,ETH/USDT,binance,1h
1761368400000,194.22,194.75,193.5,194.47,59835.684,2025-10-25 05:00:00,SOL/USDT,binance,1h
1761372000000,111386.78,111497.1,111261.01,111366.42,334.48878,2025-10-25 06:00:00,BTC/USDT,binance,1h
1761372000000,3931.7,3935.99,3926.81,3928.74,6882.7818,2025-10-25 06:00:00,ETH/USDT,binance,1h
1761372000000,194.48,194.75,194.01,194.05,70136.105,2025-10-25 06:00:00,SOL/USDT,binance,1h
1761375600000,111366.43,111820.87,111366.43,111489.6,436.39799,2025-10-25 07:00:00,BTC/USDT,binance,1h
1761375600000,3928.75,3960.57,3925.19,3928.92,11982.4654,2025-10-25 07:00:00,ETH/USDT,binance,1h
1761375600000,194.06,194.91,193.83,193.96,64692.243,2025-10-25 07:00:00,SOL/USDT,binance,1h
1761379200000,111489.59,111805.1,111488.44,111763.8,348.94057,2025-10-25 08:00:00,BTC/USDT,binance,1h
1761379200000,3928.93,3956.0,3927.7,3953.91,6727.5003,2025-10-25 08:00:00,ETH/USDT,binance,1h
1761379200000,193.97,195.25,193.89,194.86,75182.975,2025-10-25 08:00:00,SOL/USDT,binance,1h
1761382800000,111763.81,111850.13,111491.62,111521.47,474.02907,2025-10-25 09:00:00,BTC/USDT,binance,1h
1761382800000,3953.91,3956.59,3940.56,3942.49,6941.9817,2025-10-25 09:00:00,ETH/USDT,binance,1h
1761382800000,194.86,194.9,192.36,192.58,108051.883,2025-10-25 09:00:00,SOL/USDT,binance,1h
1761386400000,111521.47,111718.99,111375.81,111559.94,382.43284,2025-10-25 10:00:00,BTC/USDT,binance,1h
1761386400000,3942.5,3947.6,3931.56,3942.56,4540.8794,2025-10-25 10:00:00,ETH/USDT,binance,1h
1761386400000,192.58,192.75,191.19,192.0,116483.161,2025-10-25 10:00:00,SOL/USDT,binance,1h
1761390000000,111559.94,111664.0,111480.68,111563.81,172.78406,2025-10-25 11:00:00,BTC/USDT,binance,1h
1761390000000,3942.56,3945.38,3938.67,3940.31,2248.737,2025-10-25 11:00:00,ETH/USDT,binance,1h
1761390000000,191.99,192.91,191.72,192.71,74902.961,2025-10-25 11:00:00,SOL/USDT,binance,1h
1761393600000,111563.81,111943.19,111530.38,111899.03,363.41104,2025-10-25 12:00:00,BTC/USDT,binance,1h
1761393600000,3940.32,3955.9,3939.51,3953.37,5135.7328,2025-10-25 12:00:00,ETH/USDT,binance,1h
1761393600000,192.7,194.22,192.6,193.91,65599.924,2025-10-25 12:00:00,SOL/USDT,binance,1h
1761397200000,111899.03,111916.0,111520.0,111680.91,355.08597,2025-10-25 13:00:00,BTC/USDT,binance,1h
1761397200000,3953.38,3956.41,3935.52,3942.84,5876.9012,2025-10-25 13:00:00,ETH/USDT,binance,1h
1761397200000,193.92,193.95,192.5,192.9,66139.143,2025-10-25 13:00:00,SOL/USDT,binance,1h
1761400800000,111680.92,111765.97,111520.01,111591.19,216.60101,2025-10-25 14:00:00,BTC/USDT,binance,1h
1761400800000,3942.83,3947.58,3933.6,3938.66,5357.3429,2025-10-25 14:00:00,ETH/USDT,binance,1h
1761400800000,192.9,192.9,191.99,192.61,61643.652,2025-10-25 14:00:00,SOL/USDT,binance,1h
1761404400000,111591.2,111591.2,111311.19,111385.18,318.98695,2025-10-25 15:00:00,BTC/USDT,binance,1h
1761404400000,3938.66,3938.66,3924.2,3932.71,8296.1479,2025-10-25 15:00:00,ETH/USDT,binance,1h
1761404400000,192.6,192.61,191.8,191.89,83480.778,2025-10-25 15:00:00,SOL/USDT,binance,1h
1761408000000,111385.18,111479.99,111164.39,111372.25,430.41077,2025-10-25 16:00:00,BTC/USDT,binance,1h
1761408000000,3932.72,3937.83,3927.74,3932.47,6039.6601,2025-10-25 16:00:00,ETH/USDT,binance,1h
1761408000000,191.88,192.11,191.42,191.93,64949.837,2025-10-25 16:00:00,SOL/USDT,binance,1h
1761411600000,111372.25,111451.16,111300.0,111374.96,134.57742,2025-10-25 17:00:00,BTC/USDT,binance,1h
1761411600000,3932.47,3939.36,3930.62,3934.67,3248.579,2025-10-25 17:00:00,ETH/USDT,binance,1h
1761411600000,191.93,192.49,191.82,192.38,24731.198,2025-10-25 17:00:00,SOL/USDT,binance,1h
1761415200000,111374.97,111731.78,111317.34,111719.98,227.92326,2025-10-25 18:00:00,BTC/USDT,binance,1h
1761415200000,3934.67,3969.22,3929.3,3959.68,12305.2956,2025-10-25 18:00:00,ETH/USDT,binance,1h
1761415200000,192.37,194.36,192.3,194.26,115776.986,2025-10-25 18:00:00,SOL/USDT,binance,1h
1761418800000,111719.98,111720.0,111579.75,111623.45,170.60799,2025-10-25 19:00:00,BTC/USDT,binance,1h
1761418800000,3959.68,3963.72,3951.32,3957.43,4989.0759,2025-10-25 19:00:00,ETH/USDT,binance,1h
1761418800000,194.26,194.65,193.93,194.53,64277.258,2025-10-25 19:00:00,SOL/USDT,binance,1h
1761422400000,111623.46,111659.39,111370.0,111431.94,154.33849,2025-10-25 20:00:00,BTC/USDT,binance,1h
1761422400000,3957.44,3959.32,3944.2,3945.46,3705.6161,2025-10-25 20:00:00,ETH/USDT,binance,1h
1761422400000,194.53,194.91,193.76,194.16,64004.527,2025-10-25 20:00:00,SOL/USDT,binance,1h
1761426000000,111431.94,111477.76,111342.25,111477.76,133.46965,2025-10-25 21:00:00,BTC/USDT,binance,1h
1761426000000,3945.45,3952.49,3935.82,3952.49,4247.1347,2025-10-25 21:00:00,ETH/USDT,binance,1h
1761426000000,194.16,194.79,193.83,194.38,47561.199,2025-10-25 21:00:00,SOL/USDT,binance,1h
1761429600000,111477.76,111683.64,111409.54,111621.69,159.63737,2025-10-25 22:00:00,BTC/USDT,binance,1h
1761429600000,3952.48,3964.76,3946.5,3961.56,4023.0718,2025-10-25 22:00:00,ETH/USDT,binance,1h
1761429600000,194.39,194.72,193.93,194.51,27183.254,2025-10-25 22:00:00,SOL/USDT,binance,1h
1761433200000,111621.69,111675.49,111535.48,111646.27,118.29276,2025-10-25 23:00:00,BTC/USDT,binance,1h
1761433200000,3961.57,3963.93,3950.47,3953.82,2828.7014,2025-10-25 23:00:00,ETH/USDT,binance,1h
1761433200000,194.51,194.74,193.83,193.84,27305.07,2025-10-25 23:00:00,SOL/USDT,binance,1h
1761436800000,111646.27,111899.56,111544.15,111715.98,370.92714,2025-10-26 00:00:00,BTC/USDT,binance,1h
1761436800000,3953.81,3961.87,3946.47,3950.27,8122.8984,2025-10-26 00:00:00,ETH/USDT,binance,1h
1761436800000,193.84,194.36,193.13,193.3,48077.203,2025-10-26 00:00:00,SOL/USDT,binance,1h
1761440400000,111715.98,111800.0,111693.0,111799.0,53.45648,2025-10-26 01:00:00,BTC/USDT,binance,1h
1761440400000,3950.27,3953.69,3948.33,3953.68,1290.2744,2025-10-26 01:00:00,ETH/USDT,binance,1h
1761440400000,193.29,193.63,193.16,193.49,12652.161,2025-10-26 01:00:00,SOL/USDT,binance,1h
